TMO.OHCL.030.CL11224G.1635,EV-ETHS-ON-44739 a/b
TMO.OHCL.030.CL11224G.3635,EV-ETHS-ON-44739 a/b
TMO.OHCL.030.CL11236A.0034,EV-ETHS-ON-15817 a/b
TMO.OHCL.030.CL11236A.2034,EV-ETHS-ON-15817 a/b
TMO.OHCL.030.CL11237A.0035,EV-ETHS-ON-15818 a/b
TMO.OHCL.030.CL11237A.2035,EV-ETHS-ON-15818 a/b
TMO.OHCL.030.CL14701D.0096,EV-ETHS-ON-15877 a/b
TMO.OHCL.030.CL14701D.2096,EV-ETHS-ON-15877 a/b
TMO.OHCL.030.CL32440A.0271,EV-ETHS-ON-13239 a/b
TMO.OHCL.030.CL32440A.2271,EV-ETHS-ON-13239 a/b
TMO.OHCL.030.CL32441A.1721,EV-ETHS-ON-44619 a/b
TMO.OHCL.030.CL32441A.3721,EV-ETHS-ON-44619 a/b
